com,com_bankcomm
com_bankcomm,com_bankcomm_pccc
com_bankcomm_pccc,com_bankcomm_pccc_onesight
com_bankcomm_pccc_onesight,com_bankcomm_pccc_onesight_demo
com_bankcomm_pccc_onesight_demo,com_bankcomm_pccc_onesight_demo_sparkstreaming
com_bankcomm_pccc_onesight_demo_sparkstreaming,com_bankcomm_pccc_onesight_demo_sparkstreaming_phase2
sparkdemobeginner,com_bankcomm_pccc_onesight_demo_sparkstreaming_phase2
com_bankcomm_pccc_onesight_demo,com_bankcomm_pccc_onesight_demo_spark
com_bankcomm_pccc_onesight_demo_spark,com_bankcomm_pccc_onesight_demo_spark_framework
sparkdemobeginner,com_bankcomm_pccc_onesight_demo_spark_framework
sparkdemobeginner,com_bankcomm_pccc_onesight_demo_spark
sparkdemobeginner,com_bankcomm_pccc_onesight_demo_sparkstreaming
com_bankcomm_pccc_onesight_demo_sparkstreaming,com_bankcomm_pccc_onesight_demo_sparkstreaming_phase3
sparkdemobeginner,com_bankcomm_pccc_onesight_demo_sparkstreaming_phase3
